{"priority": "L", "timestamp_sender": 1682621047.8839428, "timestamp_receiver": 1682621047.884045, "difference": 0.000102996826171875, "sender_sequence": 59}
{"priority": "L", "timestamp_sender": 1682621048.0921488, "timestamp_receiver": 1682621048.0922983, "difference": 0.00015044212341308594, "sender_sequence": 60}
{"priority": "L", "timestamp_sender": 1682621048.2983274, "timestamp_receiver": 1682621048.2987144, "difference": 0.0003933906555175781, "sender_sequence": 61}
{"priority": "L", "timestamp_sender": 1682621048.4818478, "timestamp_receiver": 1682621048.4822278, "difference": 0.0003859996795654297, "sender_sequence": 62}
{"priority": "M", "timestamp_sender": 1682621048.7464552, "timestamp_receiver": 1682621048.74659, "difference": 0.00013709068298339844, "sender_sequence": 63}
{"priority": "L", "timestamp_sender": 1682621049.0039241, "timestamp_receiver": 1682621049.0040135, "difference": 9.012222290039062e-05, "sender_sequence": 64}
{"priority": "L", "timestamp_sender": 1682621049.2589898, "timestamp_receiver": 1682621049.259475, "difference": 0.0004906654357910156, "sender_sequence": 65}
{"priority": "L", "timestamp_sender": 1682621049.4824288, "timestamp_receiver": 1682621049.482826, "difference": 0.00040340423583984375, "sender_sequence": 66}
{"priority": "L", "timestamp_sender": 1682621049.6246128, "timestamp_receiver": 1682621049.6249208, "difference": 0.00031375885009765625, "sender_sequence": 67}
{"priority": "L", "timestamp_sender": 1682621049.7649589, "timestamp_receiver": 1682621049.7652357, "difference": 0.00028228759765625, "sender_sequence": 68}
{"priority": "M", "timestamp_sender": 1682621049.904004, "timestamp_receiver": 1682621049.9040985, "difference": 9.560585021972656e-05, "sender_sequence": 69}
{"priority": "L", "timestamp_sender": 1682621050.0324671, "timestamp_receiver": 1682621050.032555, "difference": 8.869171142578125e-05, "sender_sequence": 70}
{"priority": "L", "timestamp_sender": 1682621050.1631293, "timestamp_receiver": 1682621050.163218, "difference": 8.940696716308594e-05, "sender_sequence": 71}
{"priority": "H", "timestamp_sender": 1682621050.2911992, "timestamp_receiver": 1682621050.2913103, "difference": 0.00011205673217773438, "sender_sequence": 72}
{"priority": "M", "timestamp_sender": 1682621050.4199917, "timestamp_receiver": 1682621050.420077, "difference": 8.702278137207031e-05, "sender_sequence": 73}
{"priority": "H", "timestamp_sender": 1682621050.4800925, "timestamp_receiver": 1682621050.4803364, "difference": 0.00024771690368652344, "sender_sequence": 74}
{"priority": "L", "timestamp_sender": 1682621050.8264258, "timestamp_receiver": 1682621050.8268776, "difference": 0.00045800209045410156, "sender_sequence": 75}
{"priority": "H", "timestamp_sender": 1682621051.1745827, "timestamp_receiver": 1682621051.174677, "difference": 9.5367431640625e-05, "sender_sequence": 76}
{"priority": "L", "timestamp_sender": 1682621051.4858878, "timestamp_receiver": 1682621051.4862015, "difference": 0.0003170967102050781, "sender_sequence": 77}
{"priority": "L", "timestamp_sender": 1682621051.696844, "timestamp_receiver": 1682621051.6972306, "difference": 0.0003924369812011719, "sender_sequence": 78}
{"priority": "L", "timestamp_sender": 1682621051.917312, "timestamp_receiver": 1682621051.917826, "difference": 0.0005199909210205078, "sender_sequence": 79}
{"priority": "L", "timestamp_sender": 1682621052.1334136, "timestamp_receiver": 1682621052.1335642, "difference": 0.0001518726348876953, "sender_sequence": 80}
{"priority": "L", "timestamp_sender": 1682621052.3413453, "timestamp_receiver": 1682621052.3414989, "difference": 0.0001552104949951172, "sender_sequence": 81}
{"priority": "L", "timestamp_sender": 1682621052.4852486, "timestamp_receiver": 1682621052.4855115, "difference": 0.0002689361572265625, "sender_sequence": 82}
{"priority": "H", "timestamp_sender": 1682621052.6993296, "timestamp_receiver": 1682621052.6994164, "difference": 8.7738037109375e-05, "sender_sequence": 83}
{"priority": "L", "timestamp_sender": 1682621052.902905, "timestamp_receiver": 1682621052.903047, "difference": 0.00014400482177734375, "sender_sequence": 84}
{"priority": "L", "timestamp_sender": 1682621053.1083698, "timestamp_receiver": 1682621053.1087704, "difference": 0.0004069805145263672, "sender_sequence": 85}
{"priority": "L", "timestamp_sender": 1682621053.3237786, "timestamp_receiver": 1682621053.3239105, "difference": 0.0001327991485595703, "sender_sequence": 86}
{"priority": "L", "timestamp_sender": 1682621053.4792612, "timestamp_receiver": 1682621053.479356, "difference": 9.72747802734375e-05, "sender_sequence": 87}
{"priority": "L", "timestamp_sender": 1682621053.7370949, "timestamp_receiver": 1682621053.737458, "difference": 0.0003685951232910156, "sender_sequence": 88}
{"priority": "L", "timestamp_sender": 1682621054.005852, "timestamp_receiver": 1682621054.006298, "difference": 0.00045228004455566406, "sender_sequence": 89}
{"priority": "L", "timestamp_sender": 1682621054.2711902, "timestamp_receiver": 1682621054.2713394, "difference": 0.00015091896057128906, "sender_sequence": 90}
{"priority": "M", "timestamp_sender": 1682621054.48301, "timestamp_receiver": 1682621054.4831014, "difference": 9.274482727050781e-05, "sender_sequence": 91}
{"priority": "L", "timestamp_sender": 1682621054.6549041, "timestamp_receiver": 1682621054.655235, "difference": 0.0003368854522705078, "sender_sequence": 92}
{"priority": "L", "timestamp_sender": 1682621054.8366144, "timestamp_receiver": 1682621054.8370004, "difference": 0.00039196014404296875, "sender_sequence": 93}
{"priority": "L", "timestamp_sender": 1682621055.0149224, "timestamp_receiver": 1682621055.01504, "difference": 0.00011873245239257812, "sender_sequence": 94}
{"priority": "L", "timestamp_sender": 1682621055.1858125, "timestamp_receiver": 1682621055.1859045, "difference": 9.298324584960938e-05, "sender_sequence": 95}
{"priority": "L", "timestamp_sender": 1682621055.3565145, "timestamp_receiver": 1682621055.3565974, "difference": 8.392333984375e-05, "sender_sequence": 96}
{"priority": "L", "timestamp_sender": 1682621055.4793334, "timestamp_receiver": 1682621055.4794145, "difference": 8.177757263183594e-05, "sender_sequence": 97}
{"priority": "L", "timestamp_sender": 1682621055.8164213, "timestamp_receiver": 1682621055.8170774, "difference": 0.0006592273712158203, "sender_sequence": 98}
{"priority": "L", "timestamp_sender": 1682621056.1644533, "timestamp_receiver": 1682621056.165037, "difference": 0.0005893707275390625, "sender_sequence": 99}
{"priority": "L", "timestamp_sender": 1682621056.4777238, "timestamp_receiver": 1682621056.4777985, "difference": 7.534027099609375e-05, "sender_sequence": 100}
{"priority": "L", "timestamp_sender": 1682621056.7338157, "timestamp_receiver": 1682621056.7343516, "difference": 0.0005393028259277344, "sender_sequence": 101}
{"priority": "H", "timestamp_sender": 1682621056.9956255, "timestamp_receiver": 1682621056.9961367, "difference": 0.0005154609680175781, "sender_sequence": 102}
{"priority": "L", "timestamp_sender": 1682621057.2629151, "timestamp_receiver": 1682621057.2634354, "difference": 0.0005261898040771484, "sender_sequence": 103}
{"priority": "L", "timestamp_sender": 1682621057.4861228, "timestamp_receiver": 1682621057.486524, "difference": 0.0004086494445800781, "sender_sequence": 104}
{"priority": "L", "timestamp_sender": 1682621057.7021675, "timestamp_receiver": 1682621057.7022917, "difference": 0.00012564659118652344, "sender_sequence": 105}
{"priority": "H", "timestamp_sender": 1682621057.907379, "timestamp_receiver": 1682621057.9077828, "difference": 0.0004062652587890625, "sender_sequence": 106}
