{"priority": "L", "timestamp_sender": 1680465820.456172, "timestamp_receiver": 1680465820.4562166, "difference": 4.506111145019531e-05, "sender_sequence": 0}
{"priority": "L", "timestamp_sender": 1680465820.9561028, "timestamp_receiver": 1680465820.9561298, "difference": 2.7418136596679688e-05, "sender_sequence": 1}
{"priority": "L", "timestamp_sender": 1680465821.4561033, "timestamp_receiver": 1680465821.4561288, "difference": 2.5987625122070312e-05, "sender_sequence": 2}
{"priority": "L", "timestamp_sender": 1680465821.956136, "timestamp_receiver": 1680465821.956162, "difference": 2.6464462280273438e-05, "sender_sequence": 3}
{"priority": "L", "timestamp_sender": 1680465822.4561043, "timestamp_receiver": 1680465822.456131, "difference": 2.6941299438476562e-05, "sender_sequence": 4}
{"priority": "H", "timestamp_sender": 1680465822.9561481, "timestamp_receiver": 1680465822.9561734, "difference": 2.574920654296875e-05, "sender_sequence": 5}
{"priority": "H", "timestamp_sender": 1680465823.4561207, "timestamp_receiver": 1680465823.4561477, "difference": 2.7179718017578125e-05, "sender_sequence": 6}
{"priority": "L", "timestamp_sender": 1680465823.9559507, "timestamp_receiver": 1680465823.9559686, "difference": 1.811981201171875e-05, "sender_sequence": 7}
{"priority": "H", "timestamp_sender": 1680465824.45611, "timestamp_receiver": 1680465824.4561353, "difference": 2.574920654296875e-05, "sender_sequence": 8}
{"priority": "L", "timestamp_sender": 1680465824.956096, "timestamp_receiver": 1680465824.9561224, "difference": 2.6941299438476562e-05, "sender_sequence": 9}
{"priority": "L", "timestamp_sender": 1680465825.4561026, "timestamp_receiver": 1680465825.4561296, "difference": 2.7418136596679688e-05, "sender_sequence": 10}
{"priority": "L", "timestamp_sender": 1680465825.9561021, "timestamp_receiver": 1680465825.9561288, "difference": 2.7179718017578125e-05, "sender_sequence": 11}
{"priority": "L", "timestamp_sender": 1680465826.4561262, "timestamp_receiver": 1680465826.456152, "difference": 2.6464462280273438e-05, "sender_sequence": 12}
{"priority": "L", "timestamp_sender": 1680465826.9560165, "timestamp_receiver": 1680465826.9560404, "difference": 2.4318695068359375e-05, "sender_sequence": 13}
{"priority": "L", "timestamp_sender": 1680465827.4561193, "timestamp_receiver": 1680465827.4561439, "difference": 2.5033950805664062e-05, "sender_sequence": 14}
{"priority": "L", "timestamp_sender": 1680465827.9560983, "timestamp_receiver": 1680465827.9561262, "difference": 2.8371810913085938e-05, "sender_sequence": 15}
{"priority": "L", "timestamp_sender": 1680465828.4561148, "timestamp_receiver": 1680465828.4561415, "difference": 2.7418136596679688e-05, "sender_sequence": 16}
{"priority": "M", "timestamp_sender": 1680465828.9559278, "timestamp_receiver": 1680465828.9559472, "difference": 1.9788742065429688e-05, "sender_sequence": 17}
{"priority": "L", "timestamp_sender": 1680465829.4560952, "timestamp_receiver": 1680465829.4561207, "difference": 2.6226043701171875e-05, "sender_sequence": 18}
{"priority": "L", "timestamp_sender": 1680465829.9561214, "timestamp_receiver": 1680465829.956148, "difference": 2.6941299438476562e-05, "sender_sequence": 19}
{"priority": "L", "timestamp_sender": 1680465830.4561417, "timestamp_receiver": 1680465830.456167, "difference": 2.574920654296875e-05, "sender_sequence": 20}
{"priority": "L", "timestamp_sender": 1680465830.9561124, "timestamp_receiver": 1680465830.9561396, "difference": 2.765655517578125e-05, "sender_sequence": 21}
{"priority": "L", "timestamp_sender": 1680465831.4560966, "timestamp_receiver": 1680465831.4561217, "difference": 2.5510787963867188e-05, "sender_sequence": 22}
{"priority": "L", "timestamp_sender": 1680465831.9560711, "timestamp_receiver": 1680465831.9560955, "difference": 2.4557113647460938e-05, "sender_sequence": 23}
{"priority": "L", "timestamp_sender": 1680465832.455945, "timestamp_receiver": 1680465832.4559643, "difference": 1.9550323486328125e-05, "sender_sequence": 24}
{"priority": "L", "timestamp_sender": 1680465832.9560108, "timestamp_receiver": 1680465832.9560354, "difference": 2.47955322265625e-05, "sender_sequence": 25}
{"priority": "L", "timestamp_sender": 1680465833.4560792, "timestamp_receiver": 1680465833.4561048, "difference": 2.5987625122070312e-05, "sender_sequence": 26}
{"priority": "M", "timestamp_sender": 1680465833.9560385, "timestamp_receiver": 1680465833.956059, "difference": 2.0742416381835938e-05, "sender_sequence": 27}
{"priority": "L", "timestamp_sender": 1680465834.4561377, "timestamp_receiver": 1680465834.4561634, "difference": 2.6226043701171875e-05, "sender_sequence": 28}
{"priority": "L", "timestamp_sender": 1680465834.9560359, "timestamp_receiver": 1680465834.9560602, "difference": 2.47955322265625e-05, "sender_sequence": 29}
{"priority": "L", "timestamp_sender": 1680465835.4560304, "timestamp_receiver": 1680465835.4560556, "difference": 2.574920654296875e-05, "sender_sequence": 30}
{"priority": "L", "timestamp_sender": 1680465835.9560833, "timestamp_receiver": 1680465835.956111, "difference": 2.8133392333984375e-05, "sender_sequence": 31}
{"priority": "L", "timestamp_sender": 1680465836.4559321, "timestamp_receiver": 1680465836.4559503, "difference": 1.8358230590820312e-05, "sender_sequence": 32}
{"priority": "M", "timestamp_sender": 1680465836.95609, "timestamp_receiver": 1680465836.9561145, "difference": 2.5033950805664062e-05, "sender_sequence": 33}
{"priority": "M", "timestamp_sender": 1680465837.4560797, "timestamp_receiver": 1680465837.4561036, "difference": 2.4557113647460938e-05, "sender_sequence": 34}
{"priority": "L", "timestamp_sender": 1680465837.9560947, "timestamp_receiver": 1680465837.9561193, "difference": 2.5033950805664062e-05, "sender_sequence": 35}
{"priority": "L", "timestamp_sender": 1680465838.4561188, "timestamp_receiver": 1680465838.4561448, "difference": 2.6702880859375e-05, "sender_sequence": 36}
{"priority": "L", "timestamp_sender": 1680465838.9560893, "timestamp_receiver": 1680465838.956115, "difference": 2.6226043701171875e-05, "sender_sequence": 37}
{"priority": "L", "timestamp_sender": 1680465839.4561148, "timestamp_receiver": 1680465839.4561408, "difference": 2.6464462280273438e-05, "sender_sequence": 38}
{"priority": "L", "timestamp_sender": 1680465839.956055, "timestamp_receiver": 1680465839.9560704, "difference": 1.5974044799804688e-05, "sender_sequence": 39}
{"priority": "L", "timestamp_sender": 1680465840.456112, "timestamp_receiver": 1680465840.4561388, "difference": 2.7418136596679688e-05, "sender_sequence": 40}
{"priority": "L", "timestamp_sender": 1680465840.9561393, "timestamp_receiver": 1680465840.9561648, "difference": 2.5987625122070312e-05, "sender_sequence": 41}
{"priority": "L", "timestamp_sender": 1680465841.4560957, "timestamp_receiver": 1680465841.4561207, "difference": 2.574920654296875e-05, "sender_sequence": 42}
{"priority": "L", "timestamp_sender": 1680465841.9561272, "timestamp_receiver": 1680465841.9561539, "difference": 2.7179718017578125e-05, "sender_sequence": 43}
{"priority": "M", "timestamp_sender": 1680465842.4561331, "timestamp_receiver": 1680465842.456159, "difference": 2.6702880859375e-05, "sender_sequence": 44}
{"priority": "H", "timestamp_sender": 1680465842.9561179, "timestamp_receiver": 1680465842.9561474, "difference": 3.0279159545898438e-05, "sender_sequence": 45}
{"priority": "L", "timestamp_sender": 1680465843.456099, "timestamp_receiver": 1680465843.4561257, "difference": 2.7179718017578125e-05, "sender_sequence": 46}
{"priority": "L", "timestamp_sender": 1680465843.956159, "timestamp_receiver": 1680465843.9561853, "difference": 2.6702880859375e-05, "sender_sequence": 47}
{"priority": "L", "timestamp_sender": 1680465844.4560997, "timestamp_receiver": 1680465844.4561274, "difference": 2.8133392333984375e-05, "sender_sequence": 48}
{"priority": "L", "timestamp_sender": 1680465844.956109, "timestamp_receiver": 1680465844.9561353, "difference": 2.6702880859375e-05,