{"priority": "L", "timestamp_sender": 1683433318.2915802, "timestamp_receiver": 1683433318.2915955, "difference": 1.5974044799804688e-05, "sender_sequence": 0}
{"priority": "L", "timestamp_sender": 1683433318.4188323, "timestamp_receiver": 1683433318.41885, "difference": 1.8596649169921875e-05, "sender_sequence": 1}
{"priority": "L", "timestamp_sender": 1683433318.5199716, "timestamp_receiver": 1683433318.5199902, "difference": 1.9788742065429688e-05, "sender_sequence": 2}
{"priority": "L", "timestamp_sender": 1683433318.621136, "timestamp_receiver": 1683433318.6211534, "difference": 1.8596649169921875e-05, "sender_sequence": 3}
{"priority": "L", "timestamp_sender": 1683433318.7223294, "timestamp_receiver": 1683433318.722347, "difference": 1.811981201171875e-05, "sender_sequence": 4}
{"priority": "L", "timestamp_sender": 1683433318.8235786, "timestamp_receiver": 1683433318.8235986, "difference": 2.0503997802734375e-05, "sender_sequence": 5}
{"priority": "L", "timestamp_sender": 1683433318.9246862, "timestamp_receiver": 1683433318.9247036, "difference": 1.7881393432617188e-05, "sender_sequence": 6}
{"priority": "L", "timestamp_sender": 1683433319.0258856, "timestamp_receiver": 1683433319.0259047, "difference": 1.9788742065429688e-05, "sender_sequence": 7}
{"priority": "H", "timestamp_sender": 1683433319.1281013, "timestamp_receiver": 1683433319.1282332, "difference": 0.00013256072998046875, "sender_sequence": 8}
{"priority": "L", "timestamp_sender": 1683433319.229333, "timestamp_receiver": 1683433319.2293527, "difference": 2.0503997802734375e-05, "sender_sequence": 9}
{"priority": "H", "timestamp_sender": 1683433319.2916107, "timestamp_receiver": 1683433319.2916253, "difference": 1.52587890625e-05, "sender_sequence": 10}
{"priority": "L", "timestamp_sender": 1683433319.3929133, "timestamp_receiver": 1683433319.392932, "difference": 1.9311904907226562e-05, "sender_sequence": 11}
{"priority": "L", "timestamp_sender": 1683433319.4959304, "timestamp_receiver": 1683433319.4959426, "difference": 1.2874603271484375e-05, "sender_sequence": 12}
{"priority": "H", "timestamp_sender": 1683433319.8578014, "timestamp_receiver": 1683433319.8578174, "difference": 1.6927719116210938e-05, "sender_sequence": 13}
{"priority": "L", "timestamp_sender": 1683433319.9589727, "timestamp_receiver": 1683433319.958987, "difference": 1.52587890625e-05, "sender_sequence": 14}
{"priority": "L", "timestamp_sender": 1683433320.0601556, "timestamp_receiver": 1683433320.0601704, "difference": 1.5735626220703125e-05, "sender_sequence": 15}
{"priority": "H", "timestamp_sender": 1683433320.1612613, "timestamp_receiver": 1683433320.16128, "difference": 1.9550323486328125e-05, "sender_sequence": 16}
{"priority": "L", "timestamp_sender": 1683433320.2622926, "timestamp_receiver": 1683433320.2623105, "difference": 1.8596649169921875e-05, "sender_sequence": 17}
{"priority": "M", "timestamp_sender": 1683433320.3634615, "timestamp_receiver": 1683433320.36348, "difference": 1.9073486328125e-05, "sender_sequence": 18}
{"priority": "L", "timestamp_sender": 1683433320.4648075, "timestamp_receiver": 1683433320.4648283, "difference": 2.2172927856445312e-05, "sender_sequence": 19}
{"priority": "L", "timestamp_sender": 1683433320.4668872, "timestamp_receiver": 1683433320.466895, "difference": 8.58306884765625e-06, "sender_sequence": 20}
{"priority": "L", "timestamp_sender": 1683433320.5684536, "timestamp_receiver": 1683433320.5684733, "difference": 2.0503997802734375e-05, "sender_sequence": 21}
{"priority": "H", "timestamp_sender": 1683433320.669865, "timestamp_receiver": 1683433320.6698842, "difference": 2.002716064453125e-05, "sender_sequence": 22}
{"priority": "L", "timestamp_sender": 1683433320.7712831, "timestamp_receiver": 1683433320.7713027, "difference": 2.002716064453125e-05, "sender_sequence": 23}
{"priority": "L", "timestamp_sender": 1683433320.874027, "timestamp_receiver": 1683433320.8740454, "difference": 1.9311904907226562e-05, "sender_sequence": 24}
{"priority": "L", "timestamp_sender": 1683433320.9812703, "timestamp_receiver": 1683433320.9812884, "difference": 1.8596649169921875e-05, "sender_sequence": 25}
{"priority": "L", "timestamp_sender": 1683433321.0824034, "timestamp_receiver": 1683433321.0824232, "difference": 2.09808349609375e-05, "sender_sequence": 26}
{"priority": "L", "timestamp_sender": 1683433321.183798, "timestamp_receiver": 1683433321.1838167, "difference": 2.002716064453125e-05, "sender_sequence": 27}
{"priority": "L", "timestamp_sender": 1683433321.2849138, "timestamp_receiver": 1683433321.284932, "difference": 1.8835067749023438e-05, "sender_sequence": 28}
{"priority": "L", "timestamp_sender": 1683433321.3868523, "timestamp_receiver": 1683433321.3868706, "difference": 1.9073486328125e-05, "sender_sequence": 29}
{"priority": "L", "timestamp_sender": 1683433321.3881493, "timestamp_receiver": 1683433321.388156, "difference": 7.3909759521484375e-06, "sender_sequence": 30}
{"priority": "L", "timestamp_sender": 1683433321.4659026, "timestamp_receiver": 1683433321.46592, "difference": 1.811981201171875e-05, "sender_sequence": 31}
{"priority": "L", "timestamp_sender": 1683433321.543918, "timestamp_receiver": 1683433321.5439348, "difference": 1.7642974853515625e-05, "sender_sequence": 32}
{"priority": "L", "timestamp_sender": 1683433321.6218932, "timestamp_receiver": 1683433321.6219108, "difference": 1.8358230590820312e-05, "sender_sequence": 33}
{"priority": "L", "timestamp_sender": 1683433321.7015827, "timestamp_receiver": 1683433321.7016008, "difference": 1.8835067749023438e-05, "sender_sequence": 34}
{"priority": "L", "timestamp_sender": 1683433321.7818973, "timestamp_receiver": 1683433321.7819157, "difference": 1.9073486328125e-05, "sender_sequence": 35}
{"priority": "L", "timestamp_sender": 1683433321.859897, "timestamp_receiver": 1683433321.859915, "difference": 1.8835067749023438e-05, "sender_sequence": 36}
{"priority": "M", "timestamp_sender": 1683433321.9379072, "timestamp_receiver": 1683433321.9379244, "difference": 1.7642974853515625e-05, "sender_sequence": 37}
{"priority": "L", "timestamp_sender": 1683433322.0158596, "timestamp_receiver": 1683433322.0158777, "difference": 1.8835067749023438e-05, "sender_sequence": 38}
{"priority": "L", "timestamp_sender": 1683433322.0938857, "timestamp_receiver": 1683433322.0939045, "difference": 1.9550323486328125e-05, "sender_sequence": 39}
{"priority": "L", "timestamp_sender": 1683433322.1718981, "timestamp_receiver": 1683433322.1719155, "difference": 1.8596649169921875e-05, "sender_sequence": 40}
{"priority": "L", "timestamp_sender": 1683433322.2499297, "timestamp_receiver": 1683433322.2499473, "difference": 1.8596649169921875e-05, "sender_sequence": 41}
{"priority": "M", "timestamp_sender": 1683433322.3279352, "timestamp_receiver": 1683433322.3279536, "difference": 1.9550323486328125e-05, "sender_sequence": 42}
{"priority": "L", "timestamp_sender": 1683433322.3300653, "timestamp_receiver": 1683433322.3300724, "difference": 8.106231689453125e-06, "sender_sequence": 43}
{"priority": "L", "timestamp_sender": 1683433322.4309309, "timestamp_receiver": 1683433322.4309494, "difference": 1.9550323486328125e-05, "sender_sequence": 44}
{"priority": "L", "timestamp_sender": 1683433322.5320542, "timestamp_receiver": 1683433322.5320709, "difference": 1.811981201171875e-05, "sender_sequence": 45}
{"priority": "L", "timestamp_sender": 1683433322.6331592, "timestamp_receiver": 1683433322.6331766, "difference": 1.811981201171875e-05, "sender_sequence": 46}
{"priority": "L", "timestamp_sender": 1683433322.7347214, "timestamp_receiver": 1683433322.7347383, "difference": 1.7881393432617188e-05, "sender_sequence": 47}
{"priority": "L", "timestamp_sender": 1683433322.835938, "timestamp_receiver": 1683433322.8359551, "difference": 1.7881393432617188e-05, "sender_sequence": 48}
{"priority": "L", "timestamp_sender": 1683433322.9370322, "timestamp_receiver": 1683433322.9370444, "difference": 1.3113021850585938e-05,