{"priority": "L", "timestamp_sender": 1683426156.1228132, "timestamp_receiver": 1683426156.122827, "difference": 1.430511474609375e-05, "sender_sequence": 0}
{"priority": "H", "timestamp_sender": 1683426156.2112408, "timestamp_receiver": 1683426156.2112556, "difference": 1.5497207641601562e-05, "sender_sequence": 1}
{"priority": "L", "timestamp_sender": 1683426156.2834787, "timestamp_receiver": 1683426156.2834928, "difference": 1.4781951904296875e-05, "sender_sequence": 2}
{"priority": "L", "timestamp_sender": 1683426156.3557315, "timestamp_receiver": 1683426156.3557515, "difference": 2.09808349609375e-05, "sender_sequence": 3}
{"priority": "L", "timestamp_sender": 1683426156.438303, "timestamp_receiver": 1683426156.438318, "difference": 1.621246337890625e-05, "sender_sequence": 4}
{"priority": "L", "timestamp_sender": 1683426156.5112226, "timestamp_receiver": 1683426156.5112412, "difference": 1.9788742065429688e-05, "sender_sequence": 5}
{"priority": "L", "timestamp_sender": 1683426156.583753, "timestamp_receiver": 1683426156.5837717, "difference": 1.9311904907226562e-05, "sender_sequence": 6}
{"priority": "L", "timestamp_sender": 1683426156.6564062, "timestamp_receiver": 1683426156.6564262, "difference": 2.0742416381835938e-05, "sender_sequence": 7}
{"priority": "L", "timestamp_sender": 1683426156.7290409, "timestamp_receiver": 1683426156.7290547, "difference": 1.430511474609375e-05, "sender_sequence": 8}
{"priority": "M", "timestamp_sender": 1683426156.801267, "timestamp_receiver": 1683426156.8012803, "difference": 1.4066696166992188e-05, "sender_sequence": 9}
{"priority": "L", "timestamp_sender": 1683426156.873505, "timestamp_receiver": 1683426156.873518, "difference": 1.3589859008789062e-05, "sender_sequence": 10}
{"priority": "L", "timestamp_sender": 1683426156.945785, "timestamp_receiver": 1683426156.9458034, "difference": 1.9311904907226562e-05, "sender_sequence": 11}
{"priority": "L", "timestamp_sender": 1683426157.018402, "timestamp_receiver": 1683426157.0184152, "difference": 1.3589859008789062e-05, "sender_sequence": 12}
{"priority": "L", "timestamp_sender": 1683426157.0906298, "timestamp_receiver": 1683426157.0906477, "difference": 1.8835067749023438e-05, "sender_sequence": 13}
{"priority": "H", "timestamp_sender": 1683426157.1227658, "timestamp_receiver": 1683426157.1227765, "difference": 1.1682510375976562e-05, "sender_sequence": 14}
{"priority": "L", "timestamp_sender": 1683426157.2145197, "timestamp_receiver": 1683426157.214533, "difference": 1.4066696166992188e-05, "sender_sequence": 15}
{"priority": "L", "timestamp_sender": 1683426157.3063216, "timestamp_receiver": 1683426157.3063352, "difference": 1.430511474609375e-05, "sender_sequence": 16}
{"priority": "L", "timestamp_sender": 1683426157.398086, "timestamp_receiver": 1683426157.3981056, "difference": 2.0503997802734375e-05, "sender_sequence": 17}
{"priority": "L", "timestamp_sender": 1683426157.4901428, "timestamp_receiver": 1683426157.4901607, "difference": 1.9073486328125e-05, "sender_sequence": 18}
{"priority": "L", "timestamp_sender": 1683426157.5824232, "timestamp_receiver": 1683426157.582442, "difference": 1.9788742065429688e-05, "sender_sequence": 19}
{"priority": "L", "timestamp_sender": 1683426157.6744022, "timestamp_receiver": 1683426157.6744149, "difference": 1.3828277587890625e-05, "sender_sequence": 20}
{"priority": "L", "timestamp_sender": 1683426157.7661488, "timestamp_receiver": 1683426157.7661622, "difference": 1.52587890625e-05, "sender_sequence": 21}
{"priority": "L", "timestamp_sender": 1683426157.857898, "timestamp_receiver": 1683426157.8579164, "difference": 1.9073486328125e-05, "sender_sequence": 22}
{"priority": "L", "timestamp_sender": 1683426157.9497666, "timestamp_receiver": 1683426157.9497795, "difference": 1.3589859008789062e-05, "sender_sequence": 23}
{"priority": "M", "timestamp_sender": 1683426158.0415502, "timestamp_receiver": 1683426158.041563, "difference": 1.3828277587890625e-05, "sender_sequence": 24}
{"priority": "H", "timestamp_sender": 1683426158.122768, "timestamp_receiver": 1683426158.1227784, "difference": 1.1444091796875e-05, "sender_sequence": 25}
{"priority": "H", "timestamp_sender": 1683426158.1860921, "timestamp_receiver": 1683426158.1861103, "difference": 1.8835067749023438e-05, "sender_sequence": 26}
{"priority": "L", "timestamp_sender": 1683426158.249811, "timestamp_receiver": 1683426158.2498298, "difference": 1.9788742065429688e-05, "sender_sequence": 27}
{"priority": "L", "timestamp_sender": 1683426158.3135529, "timestamp_receiver": 1683426158.31357, "difference": 1.7881393432617188e-05, "sender_sequence": 28}
{"priority": "L", "timestamp_sender": 1683426158.377265, "timestamp_receiver": 1683426158.3772774, "difference": 1.3113021850585938e-05, "sender_sequence": 29}
{"priority": "L", "timestamp_sender": 1683426158.4406857, "timestamp_receiver": 1683426158.4406984, "difference": 1.33514404296875e-05, "sender_sequence": 30}
{"priority": "L", "timestamp_sender": 1683426158.5041196, "timestamp_receiver": 1683426158.504137, "difference": 1.811981201171875e-05, "sender_sequence": 31}
{"priority": "L", "timestamp_sender": 1683426158.5675015, "timestamp_receiver": 1683426158.5675197, "difference": 1.9550323486328125e-05, "sender_sequence": 32}
{"priority": "L", "timestamp_sender": 1683426158.6308846, "timestamp_receiver": 1683426158.6308975, "difference": 1.33514404296875e-05, "sender_sequence": 33}
{"priority": "L", "timestamp_sender": 1683426158.694239, "timestamp_receiver": 1683426158.6942573, "difference": 1.9073486328125e-05, "sender_sequence": 34}
{"priority": "L", "timestamp_sender": 1683426158.7580419, "timestamp_receiver": 1683426158.7580538, "difference": 1.2874603271484375e-05, "sender_sequence": 35}
{"priority": "L", "timestamp_sender": 1683426158.8214517, "timestamp_receiver": 1683426158.8214648, "difference": 1.3589859008789062e-05, "sender_sequence": 36}
{"priority": "L", "timestamp_sender": 1683426158.8848052, "timestamp_receiver": 1683426158.884821, "difference": 1.6927719116210938e-05, "sender_sequence": 37}
{"priority": "L", "timestamp_sender": 1683426158.9484262, "timestamp_receiver": 1683426158.9484391, "difference": 1.3828277587890625e-05, "sender_sequence": 38}
{"priority": "M", "timestamp_sender": 1683426159.012101, "timestamp_receiver": 1683426159.0121129, "difference": 1.2874603271484375e-05, "sender_sequence": 39}
{"priority": "L", "timestamp_sender": 1683426159.0755289, "timestamp_receiver": 1683426159.0755475, "difference": 1.9788742065429688e-05, "sender_sequence": 40}
{"priority": "L", "timestamp_sender": 1683426159.1227477, "timestamp_receiver": 1683426159.1227586, "difference": 1.1682510375976562e-05, "sender_sequence": 41}
{"priority": "L", "timestamp_sender": 1683426159.209361, "timestamp_receiver": 1683426159.2093809, "difference": 2.0503997802734375e-05, "sender_sequence": 42}
{"priority": "L", "timestamp_sender": 1683426159.2950659, "timestamp_receiver": 1683426159.2950845, "difference": 1.9788742065429688e-05, "sender_sequence": 43}
{"priority": "L", "timestamp_sender": 1683426159.3795807, "timestamp_receiver": 1683426159.3796003, "difference": 2.0503997802734375e-05, "sender_sequence": 44}
{"priority": "L", "timestamp_sender": 1683426159.4643154, "timestamp_receiver": 1683426159.4643354, "difference": 2.0742416381835938e-05, "sender_sequence": 45}
{"priority": "L", "timestamp_sender": 1683426159.548897, "timestamp_receiver": 1683426159.5489159, "difference": 2.002716064453125e-05, "sender_sequence": 46}
{"priority": "L", "timestamp_sender": 1683426159.6344743, "timestamp_receiver": 1683426159.6344926, "difference": 1.9073486328125e-05, "sender_sequence": 47}
{"priority": "M", "timestamp_sender": 1683426159.7190466, "timestamp_receiver": 1683426159.719067, "difference": 2.1219253540039062e-05, "sender_sequence": 48}
{"priority": "L", "timestamp_sender": 1683426159.8041856, "timestamp_receiver": 1683426159.8042033, "difference": 1.8358230590820312e-05, "sender_sequence": 49}
{"priority": "L",