{"receiver_sequence": 0, "priority": "L", "timestamp_sender": 1683426157.949767, "timestamp_receiver": 1683426157.9689422, "difference": 0.01917576789855957, "sender_sequence": 23}
{"receiver_sequence": 1, "priority": "M", "timestamp_sender": 1683426158.04155, "timestamp_receiver": 1683426158.0434203, "difference": 0.0018711090087890625, "sender_sequence": 24}
{"receiver_sequence": 2, "priority": "H", "timestamp_sender": 1683426158.122768, "timestamp_receiver": 1683426158.1246305, "difference": 0.001863718032836914, "sender_sequence": 25}
{"receiver_sequence": 3, "priority": "H", "timestamp_sender": 1683426158.186092, "timestamp_receiver": 1683426158.1880207, "difference": 0.0019297599792480469, "sender_sequence": 26}
{"receiver_sequence": 4, "priority": "L", "timestamp_sender": 1683426158.249811, "timestamp_receiver": 1683426158.2521706, "difference": 0.0023605823516845703, "sender_sequence": 27}
{"receiver_sequence": 5, "priority": "L", "timestamp_sender": 1683426158.313553, "timestamp_receiver": 1683426158.3153992, "difference": 0.0018467903137207031, "sender_sequence": 28}
{"receiver_sequence": 6, "priority": "L", "timestamp_sender": 1683426158.377265, "timestamp_receiver": 1683426158.3791354, "difference": 0.001871347427368164, "sender_sequence": 29}
{"receiver_sequence": 7, "priority": "L", "timestamp_sender": 1683426158.440686, "timestamp_receiver": 1683426158.442565, "difference": 0.0018799304962158203, "sender_sequence": 30}
{"receiver_sequence": 8, "priority": "L", "timestamp_sender": 1683426158.50412, "timestamp_receiver": 1683426158.506927, "difference": 0.0028078556060791016, "sender_sequence": 31}
{"receiver_sequence": 9, "priority": "L", "timestamp_sender": 1683426158.567502, "timestamp_receiver": 1683426158.5704644, "difference": 0.0029630661010742188, "sender_sequence": 32}
{"receiver_sequence": 10, "priority": "L", "timestamp_sender": 1683426158.630885, "timestamp_receiver": 1683426158.633253, "difference": 0.002368927001953125, "sender_sequence": 33}
{"receiver_sequence": 11, "priority": "L", "timestamp_sender": 1683426158.694239, "timestamp_receiver": 1683426158.696376, "difference": 0.002137899398803711, "sender_sequence": 34}
{"receiver_sequence": 12, "priority": "L", "timestamp_sender": 1683426158.758042, "timestamp_receiver": 1683426158.759962, "difference": 0.001920938491821289, "sender_sequence": 35}
{"receiver_sequence": 13, "priority": "L", "timestamp_sender": 1683426158.821452, "timestamp_receiver": 1683426158.8230257, "difference": 0.0015747547149658203, "sender_sequence": 36}
{"receiver_sequence": 14, "priority": "L", "timestamp_sender": 1683426158.884805, "timestamp_receiver": 1683426158.888312, "difference": 0.0035080909729003906, "sender_sequence": 37}
{"receiver_sequence": 15, "priority": "L", "timestamp_sender": 1683426158.948426, "timestamp_receiver": 1683426158.9501579, "difference": 0.0017328262329101562, "sender_sequence": 38}
{"receiver_sequence": 16, "priority": "M", "timestamp_sender": 1683426159.012101, "timestamp_receiver": 1683426159.0139494, "difference": 0.0018498897552490234, "sender_sequence": 39}
{"receiver_sequence": 17, "priority": "L", "timestamp_sender": 1683426159.075529, "timestamp_receiver": 1683426159.078784, "difference": 0.0032558441162109375, "sender_sequence": 40}
{"receiver_sequence": 18, "priority": "L", "timestamp_sender": 1683426159.122748, "timestamp_receiver": 1683426159.1310346, "difference": 0.008287429809570312, "sender_sequence": 41}
{"receiver_sequence": 19, "priority": "L", "timestamp_sender": 1683426159.209361, "timestamp_receiver": 1683426159.2118516, "difference": 0.0024912357330322266, "sender_sequence": 42}
{"receiver_sequence": 20, "priority": "L", "timestamp_sender": 1683426159.295066, "timestamp_receiver": 1683426159.2989032, "difference": 0.003838062286376953, "sender_sequence": 43}
{"receiver_sequence": 21, "priority": "L", "timestamp_sender": 1683426159.379581, "timestamp_receiver": 1683426159.3833923, "difference": 0.003812074661254883, "sender_sequence": 44}
{"receiver_sequence": 22, "priority": "L", "timestamp_sender": 1683426159.464315, "timestamp_receiver": 1683426159.4675992, "difference": 0.003284931182861328, "sender_sequence": 45}
{"receiver_sequence": 23, "priority": "L", "timestamp_sender": 1683426159.548897, "timestamp_receiver": 1683426159.5529191, "difference": 0.004022836685180664, "sender_sequence": 46}
{"receiver_sequence": 24, "priority": "L", "timestamp_sender": 1683426159.634474, "timestamp_receiver": 1683426159.6369653, "difference": 0.0024924278259277344, "sender_sequence": 47}
{"receiver_sequence": 25, "priority": "M", "timestamp_sender": 1683426159.719047, "timestamp_receiver": 1683426159.7224555, "difference": 0.003409147262573242, "sender_sequence": 48}
{"receiver_sequence": 26, "priority": "L", "timestamp_sender": 1683426159.804186, "timestamp_receiver": 1683426159.8068132, "difference": 0.002627849578857422, "sender_sequence": 49}
{"receiver_sequence": 27, "priority": "L", "timestamp_sender": 1683426159.888607, "timestamp_receiver": 1683426159.890795, "difference": 0.002189159393310547, "sender_sequence": 50}
{"receiver_sequence": 28, "priority": "L", "timestamp_sender": 1683426159.973022, "timestamp_receiver": 1683426159.9754677, "difference": 0.002446889877319336, "sender_sequence": 51}
{"receiver_sequence": 29, "priority": "L", "timestamp_sender": 1683426160.057372, "timestamp_receiver": 1683426160.0597913, "difference": 0.002419710159301758, "sender_sequence": 52}
{"receiver_sequence": 30, "priority": "M", "timestamp_sender": 1683426160.122743, "timestamp_receiver": 1683426160.1250448, "difference": 0.002302408218383789, "sender_sequence": 53}
{"receiver_sequence": 31, "priority": "H", "timestamp_sender": 1683426160.248601, "timestamp_receiver": 1683426160.2503324, "difference": 0.0017325878143310547, "sender_sequence": 54}
{"receiver_sequence": 32, "priority": "L", "timestamp_sender": 1683426160.37468, "timestamp_receiver": 1683426160.3768783, "difference": 0.002199411392211914, "sender_sequence": 55}
{"receiver_sequence": 33, "priority": "L", "timestamp_sender": 1683426160.500556, "timestamp_receiver": 1683426160.5021515, "difference": 0.001596212387084961, "sender_sequence": 56}
{"receiver_sequence": 34, "priority": "L", "timestamp_sender": 1683426160.626502, "timestamp_receiver": 1683426160.6284802, "difference": 0.0019788742065429688, "sender_sequence": 57}
{"receiver_sequence": 35, "priority": "L", "timestamp_sender": 1683426160.752484, "timestamp_receiver": 1683426160.754267, "difference": 0.001783609390258789, "sender_sequence": 58}
{"receiver_sequence": 36, "priority": "L", "timestamp_sender": 1683426160.87878, "timestamp_receiver": 1683426160.8820224, "difference": 0.0032432079315185547, "sender_sequence": 59}
{"receiver_sequence": 37, "priority": "L", "timestamp_sender": 1683426161.006348, "timestamp_receiver": 1683426161.0085144, "difference": 0.0021674633026123047, "sender_sequence": 60}
{"receiver_sequence": 38, "priority": "L", "timestamp_sender": 1683426161.122792, "timestamp_receiver": 1683426161.125503, "difference": 0.002711772918701172, "sender_sequence": 61}
{"receiver_sequence": 39, "priority": "L", "timestamp_sender": 1683426161.195442, "timestamp_receiver": 1683426161.1971548, "difference": 0.0017139911651611328, "sender_sequence": 62}
{"receiver_sequence": 40, "priority": "H", "timestamp_sender": 1683426161.267975, "timestamp_receiver": 1683426161.2703283, "difference": 0.0023546218872070312, "sender_sequence": 63}
{"receiver_sequence": 41, "priority": "L", "timestamp_sender": 1683426161.340257, "timestamp_receiver": 1683426161.3427415, "difference": 0.0024852752685546875, "sender_sequence": 64}
{"receiver_sequence": 42, "priority": "L", "timestamp_sender": 1683426161.412541, "timestamp_receiver": 1683426161.4150078, "difference": 0.002467632293701172, "sender_sequence": 65}
{"receiver_sequence": 43, "priority": "L", "timestamp_sender": 1683426161.484957, "timestamp_receiver": 1683426161.4869199,