{"receiver_sequence": 0, "priority": "L", "timestamp_sender": 1683433318.29158, "timestamp_receiver": 1683433318.3188078, "difference": 0.027228832244873047, "sender_sequence": 0}
{"receiver_sequence": 1, "priority": "L", "timestamp_sender": 1683433318.418832, "timestamp_receiver": 1683433318.421106, "difference": 0.0022745132446289062, "sender_sequence": 1}
{"receiver_sequence": 2, "priority": "L", "timestamp_sender": 1683433318.519972, "timestamp_receiver": 1683433318.5226512, "difference": 0.002680540084838867, "sender_sequence": 2}
{"receiver_sequence": 3, "priority": "L", "timestamp_sender": 1683433318.621136, "timestamp_receiver": 1683433318.6239674, "difference": 0.0028336048126220703, "sender_sequence": 3}
{"receiver_sequence": 4, "priority": "L", "timestamp_sender": 1683433318.722329, "timestamp_receiver": 1683433318.725044, "difference": 0.0027158260345458984, "sender_sequence": 4}
{"receiver_sequence": 5, "priority": "L", "timestamp_sender": 1683433318.823579, "timestamp_receiver": 1683433318.8259506, "difference": 0.0023725032806396484, "sender_sequence": 5}
{"receiver_sequence": 6, "priority": "L", "timestamp_sender": 1683433318.924686, "timestamp_receiver": 1683433318.9279501, "difference": 0.003264904022216797, "sender_sequence": 6}
{"receiver_sequence": 7, "priority": "L", "timestamp_sender": 1683433319.025886, "timestamp_receiver": 1683433319.0274606, "difference": 0.0015749931335449219, "sender_sequence": 7}
{"receiver_sequence": 8, "priority": "H", "timestamp_sender": 1683433319.128101, "timestamp_receiver": 1683433319.1301627, "difference": 0.0020623207092285156, "sender_sequence": 8}
{"receiver_sequence": 9, "priority": "L", "timestamp_sender": 1683433319.229333, "timestamp_receiver": 1683433319.2315323, "difference": 0.0022001266479492188, "sender_sequence": 9}
{"receiver_sequence": 10, "priority": "H", "timestamp_sender": 1683433319.291611, "timestamp_receiver": 1683433319.2939007, "difference": 0.002290964126586914, "sender_sequence": 10}
{"receiver_sequence": 11, "priority": "L", "timestamp_sender": 1683433319.392913, "timestamp_receiver": 1683433319.3957074, "difference": 0.002794981002807617, "sender_sequence": 11}
{"receiver_sequence": 12, "priority": "L", "timestamp_sender": 1683433319.49593, "timestamp_receiver": 1683433319.7591066, "difference": 0.26317763328552246, "sender_sequence": 12}
{"receiver_sequence": 13, "priority": "H", "timestamp_sender": 1683433319.857801, "timestamp_receiver": 1683433319.860733, "difference": 0.0029344558715820312, "sender_sequence": 13}
{"receiver_sequence": 14, "priority": "L", "timestamp_sender": 1683433319.958973, "timestamp_receiver": 1683433319.96077, "difference": 0.0017979145050048828, "sender_sequence": 14}
{"receiver_sequence": 15, "priority": "L", "timestamp_sender": 1683433320.060156, "timestamp_receiver": 1683433320.0623, "difference": 0.0021445751190185547, "sender_sequence": 15}
{"receiver_sequence": 16, "priority": "H", "timestamp_sender": 1683433320.161261, "timestamp_receiver": 1683433320.1637828, "difference": 0.002522706985473633, "sender_sequence": 16}
{"receiver_sequence": 17, "priority": "L", "timestamp_sender": 1683433320.262293, "timestamp_receiver": 1683433320.2643094, "difference": 0.0020172595977783203, "sender_sequence": 17}
{"receiver_sequence": 18, "priority": "M", "timestamp_sender": 1683433320.363461, "timestamp_receiver": 1683433320.365413, "difference": 0.0019526481628417969, "sender_sequence": 18}
{"receiver_sequence": 19, "priority": "L", "timestamp_sender": 1683433320.464808, "timestamp_receiver": 1683433320.4681628, "difference": 0.0033555030822753906, "sender_sequence": 19}
{"receiver_sequence": 20, "priority": "L", "timestamp_sender": 1683433320.466887, "timestamp_receiver": 1683433320.5203707, "difference": 0.053484439849853516, "sender_sequence": 20}
{"receiver_sequence": 21, "priority": "L", "timestamp_sender": 1683433320.568454, "timestamp_receiver": 1683433320.5724194, "difference": 0.003966093063354492, "sender_sequence": 21}
{"receiver_sequence": 22, "priority": "H", "timestamp_sender": 1683433320.669865, "timestamp_receiver": 1683433320.6722157, "difference": 0.0023517608642578125, "sender_sequence": 22}
{"receiver_sequence": 23, "priority": "L", "timestamp_sender": 1683433320.771283, "timestamp_receiver": 1683433320.7739186, "difference": 0.0026366710662841797, "sender_sequence": 23}
{"receiver_sequence": 24, "priority": "L", "timestamp_sender": 1683433320.874027, "timestamp_receiver": 1683433320.8780632, "difference": 0.004036903381347656, "sender_sequence": 24}
{"receiver_sequence": 25, "priority": "L", "timestamp_sender": 1683433320.98127, "timestamp_receiver": 1683433320.9838917, "difference": 0.002622365951538086, "sender_sequence": 25}
{"receiver_sequence": 26, "priority": "L", "timestamp_sender": 1683433321.082403, "timestamp_receiver": 1683433321.085247, "difference": 0.0028450489044189453, "sender_sequence": 26}
{"receiver_sequence": 27, "priority": "L", "timestamp_sender": 1683433321.183798, "timestamp_receiver": 1683433321.1854486, "difference": 0.001651763916015625, "sender_sequence": 27}
{"receiver_sequence": 28, "priority": "L", "timestamp_sender": 1683433321.284914, "timestamp_receiver": 1683433321.287383, "difference": 0.002469778060913086, "sender_sequence": 28}
{"receiver_sequence": 29, "priority": "L", "timestamp_sender": 1683433321.386852, "timestamp_receiver": 1683433321.3895514, "difference": 0.0027000904083251953, "sender_sequence": 29}
{"receiver_sequence": 30, "priority": "L", "timestamp_sender": 1683433321.388149, "timestamp_receiver": 1683433321.4423778, "difference": 0.054229736328125, "sender_sequence": 30}
{"receiver_sequence": 31, "priority": "L", "timestamp_sender": 1683433321.465903, "timestamp_receiver": 1683433321.4951758, "difference": 0.02927374839782715, "sender_sequence": 31}
{"receiver_sequence": 32, "priority": "L", "timestamp_sender": 1683433321.543918, "timestamp_receiver": 1683433321.5475044, "difference": 0.0035872459411621094, "sender_sequence": 32}
{"receiver_sequence": 33, "priority": "L", "timestamp_sender": 1683433321.621893, "timestamp_receiver": 1683433321.6253157, "difference": 0.003423452377319336, "sender_sequence": 33}
{"receiver_sequence": 34, "priority": "L", "timestamp_sender": 1683433321.701583, "timestamp_receiver": 1683433321.704236, "difference": 0.002653837203979492, "sender_sequence": 34}
{"receiver_sequence": 35, "priority": "L", "timestamp_sender": 1683433321.781897, "timestamp_receiver": 1683433321.78345, "difference": 0.0015535354614257812, "sender_sequence": 35}
{"receiver_sequence": 36, "priority": "L", "timestamp_sender": 1683433321.859897, "timestamp_receiver": 1683433321.8619077, "difference": 0.002011537551879883, "sender_sequence": 36}
{"receiver_sequence": 37, "priority": "M", "timestamp_sender": 1683433321.937907, "timestamp_receiver": 1683433321.9394023, "difference": 0.0014960765838623047, "sender_sequence": 37}
{"receiver_sequence": 38, "priority": "L", "timestamp_sender": 1683433322.01586, "timestamp_receiver": 1683433322.018875, "difference": 0.0030155181884765625, "sender_sequence": 38}
{"receiver_sequence": 39, "priority": "L", "timestamp_sender": 1683433322.093886, "timestamp_receiver": 1683433322.0963628, "difference": 0.002477884292602539, "sender_sequence": 39}
{"receiver_sequence": 40, "priority": "L", "timestamp_sender": 1683433322.171898, "timestamp_receiver": 1683433322.1737363, "difference": 0.0018393993377685547, "sender_sequence": 40}
{"receiver_sequence": 41, "priority": "L", "timestamp_sender": 1683433322.24993, "timestamp_receiver": 1683433322.252139, "difference": 0.002209901809692383, "sender_sequence": 41}
{"receiver_sequence": 42, "priority": "M", "timestamp_sender": 1683433322.327935, "timestamp_receiver": 1683433322.3308468, "difference": 0.002912759780883789, "sender_sequence": 42}
{"receiver_sequence": 43, "priority": "L", "timestamp_sender": 1683433322.330065, "timestamp_receiver": 1683433322.3829286,