{"receiver_sequence": 0, "priority": "L", "timestamp_sender": 1680465423.191557, "timestamp_receiver": 1680465423.2177126, "difference": 0.026155948638916016, "sender_sequence": 5}{"receiver_sequence": 0, "priority": "L", "timestamp_sender": 1680465444.753667, "timestamp_receiver": 1680465444.7827816, "difference": 0.029114723205566406, "sender_sequence": 5}
{"receiver_sequence": 1, "priority": "L", "timestamp_sender": 1680465445.253577, "timestamp_receiver": 1680465445.7876754, "difference": 0.5340988636016846, "sender_sequence": 6}
{"receiver_sequence": 2, "priority": "M", "timestamp_sender": 1680465445.753656, "timestamp_receiver": 1680465446.792546, "difference": 1.0388906002044678, "sender_sequence": 7}
{"receiver_sequence": 3, "priority": "H", "timestamp_sender": 1680465446.253617, "timestamp_receiver": 1680465447.7955801, "difference": 1.5419633388519287, "sender_sequence": 8}
{"receiver_sequence": 4, "priority": "L", "timestamp_sender": 1680465446.753683, "timestamp_receiver": 1680465448.798938, "difference": 2.045255184173584, "sender_sequence": 9}
{"receiver_sequence": 5, "priority": "L", "timestamp_sender": 1680465447.253645, "timestamp_receiver": 1680465449.8038595, "difference": 2.5502147674560547, "sender_sequence": 10}
{"receiver_sequence": 6, "priority": "L", "timestamp_sender": 1680465447.753437, "timestamp_receiver": 1680465450.807716, "difference": 3.054279327392578, "sender_sequence": 11}
{"receiver_sequence": 7, "priority": "H", "timestamp_sender": 1680465448.253406, "timestamp_receiver": 1680465451.8111153, "difference": 3.5577096939086914, "sender_sequence": 12}
{"receiver_sequence": 8, "priority": "L", "timestamp_sender": 1680465448.753676, "timestamp_receiver": 1680465452.81598, "difference": 4.062304973602295, "sender_sequence": 13}
{"receiver_sequence": 9, "priority": "L", "timestamp_sender": 1680465449.253493, "timestamp_receiver": 1680465453.8209538, "difference": 4.567461252212524, "sender_sequence": 14}
{"receiver_sequence": 10, "priority": "L", "timestamp_sender": 1680465450.253702, "timestamp_receiver": 1680465454.8257475, "difference": 4.5720460414886475, "sender_sequence": 16}
{"receiver_sequence": 11, "priority": "L", "timestamp_sender": 1680465451.253642, "timestamp_receiver": 1680465455.8295488, "difference": 4.575907230377197, "sender_sequence": 18}
{"receiver_sequence": 12, "priority": "L", "timestamp_sender": 1680465452.253699, "timestamp_receiver": 1680465456.8345704, "difference": 4.580872058868408, "sender_sequence": 20}
{"receiver_sequence": 13, "priority": "H", "timestamp_sender": 1680465453.253706, "timestamp_receiver": 1680465457.839404, "difference": 4.58569860458374, "sender_sequence": 22}
{"receiver_sequence": 14, "priority": "L", "timestamp_sender": 1680465454.253656, "timestamp_receiver": 1680465458.8436823, "difference": 4.59002685546875, "sender_sequence": 24}
{"receiver_sequence": 15, "priority": "L", "timestamp_sender": 1680465455.253655, "timestamp_receiver": 1680465459.8486624, "difference": 4.59500789642334, "sender_sequence": 26}
{"receiver_sequence": 16, "priority": "L", "timestamp_sender": 1680465456.253641, "timestamp_receiver": 1680465460.8535035, "difference": 4.599863052368164, "sender_sequence": 28}
{"receiver_sequence": 17, "priority": "L", "timestamp_sender": 1680465457.253703, "timestamp_receiver": 1680465461.857888, "difference": 4.604185104370117, "sender_sequence": 30}
{"receiver_sequence": 18, "priority": "L", "timestamp_sender": 1680465458.25362, "timestamp_receiver": 1680465462.86272, "difference": 4.609100580215454, "sender_sequence": 32}
{"receiver_sequence": 19, "priority": "M", "timestamp_sender": 1680465459.253442, "timestamp_receiver": 1680465463.86768, "difference": 4.614238500595093, "sender_sequence": 34}
{"receiver_sequence": 20, "priority": "L", "timestamp_sender": 1680465460.253521, "timestamp_receiver": 1680465464.8728058, "difference": 4.619285583496094, "sender_sequence": 36}
{"receiver_sequence": 21, "priority": "M", "timestamp_sender": 1680465461.253709, "timestamp_receiver": 1680465465.8767295, "difference": 4.623021364212036, "sender_sequence": 38}
{"receiver_sequence": 22, "priority": "L", "timestamp_sender": 1680465462.253687, "timestamp_receiver": 1680465466.8813312, "difference": 4.627644777297974, "sender_sequence": 40}
{"receiver_sequence": 23, "priority": "L", "timestamp_sender": 1680465463.253616, "timestamp_receiver": 1680465467.8864026, "difference": 4.632786989212036, "sender_sequence": 42}
{"receiver_sequence": 0, "priority": "H", "timestamp_sender": 1680465824.45611, "timestamp_receiver": 1680465824.4825265, "difference": 0.026416778564453125, "sender_sequence": 8}
{"receiver_sequence": 1, "priority": "L", "timestamp_sender": 1680465824.956096, "timestamp_receiver": 1680465825.4854217, "difference": 0.5293259620666504, "sender_sequence": 9}
{"receiver_sequence": 2, "priority": "L", "timestamp_sender": 1680465825.456103, "timestamp_receiver": 1680465826.4901109, "difference": 1.034008264541626, "sender_sequence": 10}
{"receiver_sequence": 3, "priority": "L", "timestamp_sender": 1680465825.956102, "timestamp_receiver": 1680465827.4948955, "difference": 1.5387938022613525, "sender_sequence": 11}
{"receiver_sequence": 4, "priority": "L", "timestamp_sender": 1680465826.456126, "timestamp_receiver": 1680465828.4997015, "difference": 2.043576240539551, "sender_sequence": 12}
{"receiver_sequence": 5, "priority": "L", "timestamp_sender": 1680465826.956017, "timestamp_receiver": 1680465829.5026782, "difference": 2.546661615371704, "sender_sequence": 13}
{"receiver_sequence": 6, "priority": "L", "timestamp_sender": 1680465827.456119, "timestamp_receiver": 1680465830.5055718, "difference": 3.049453020095825, "sender_sequence": 14}
{"receiver_sequence": 7, "priority": "L", "timestamp_sender": 1680465827.956098, "timestamp_receiver": 1680465831.510525, "difference": 3.5544273853302, "sender_sequence": 15}
{"receiver_sequence": 8, "priority": "L", "timestamp_sender": 1680465828.456115, "timestamp_receiver": 1680465832.5136318, "difference": 4.0575172901153564, "sender_sequence": 16}
{"receiver_sequence": 9, "priority": "M", "timestamp_sender": 1680465828.955928, "timestamp_receiver": 1680465833.5191216, "difference": 4.563194036483765, "sender_sequence": 17}
{"receiver_sequence": 10, "priority": "L", "timestamp_sender": 1680465829.956121, "timestamp_receiver": 1680465834.5232234, "difference": 4.567102909088135, "sender_sequence": 19}
{"receiver_sequence": 11, "priority": "L", "timestamp_sender": 1680465830.956112, "timestamp_receiver": 1680465835.528003, "difference": 4.5718913078308105, "sender_sequence": 21}
{"receiver_sequence": 12, "priority": "L", "timestamp_sender": 1680465831.956071, "timestamp_receiver": 1680465836.532746, "difference": 4.576675653457642, "sender_sequence": 23}
{"receiver_sequence": 13, "priority": "L", "timestamp_sender": 1680465832.956011, "timestamp_receiver": 1680465837.5373025, "difference": 4.581291675567627, "sender_sequence": 25}
{"receiver_sequence": 14, "priority": "M", "timestamp_sender": 1680465833.956038, "timestamp_receiver": 1680465838.5403404, "difference": 4.584302663803101, "sender_sequence": 27}
{"receiver_sequence": 15, "priority": "L", "timestamp_sender": 1680465834.956036, "timestamp_receiver": 1680465839.5452197, "difference": 4.589183807373047, "sender_sequence": 29}
{"receiver_sequence": 16, "priority": "L", "timestamp_sender": 1680465835.956083, "timestamp_receiver": 1680465840.5490692, "difference": 4.592986345291138, "sender_sequence": 31}
{"receiver_sequence": 17, "priority": "M", "timestamp_sender": 1680465836.95609, "timestamp_receiver": 1680465841.553287, "difference": 4.597197771072388, "sender_sequence": 33}
{"receiver_sequence": 18, "priority": "L", "timestamp_sender": 1680465837.956095, "timestamp_receiver": 1680465842.5584273, "difference": 4.602332830429077, "sender_sequence": 35}
{"receiver_sequence": 19, "priority": "L", "timestamp_sender": 1680465838.956089,